order_number,avg_hhi
1,0.2693409335097387
2,0.27279806810655893
3,0.27326344180885764
4,0.27233351971402037
5,0.2705454504954582
6,0.2697828272848211
7,0.2682389741272385
8,0.26769438228902603
9,0.26612939786447976
10,0.26575514582776644
11,0.2650122763770187
12,0.2653305403135416
13,0.26318186479007294
14,0.26429304582781665
15,0.2644440756995597
16,0.2638965460713486
17,0.2629093039664873
18,0.2624484233584349
19,0.26228925527510744
20,0.2627199703793
