,delta_popular_share,delta_unique_ratio
0.1,-0.2654545454545454,0.0
0.25,-0.11111111111111116,0.0
0.5,0.0,0.0
0.75,0.11111111111111116,0.0
0.9,0.26086956521739135,0.0
