order_number,avg_hhi
1,0.2002030732020773
2,0.20424905739438945
3,0.20468229769829482
4,0.20353526117546797
5,0.20179570673700367
6,0.20089203386206894
7,0.1996837058259223
8,0.19864537998997212
9,0.19693259063524654
10,0.19662530170220388
11,0.19571054884006536
12,0.19571096283610745
13,0.1933275652864614
14,0.19450496290055663
15,0.19425017989413304
16,0.19393056875766226
17,0.19284164522889977
18,0.1919583339188907
19,0.19127551806002338
20,0.19190583643400885
